modelo,promedio_pass@3
deepseekV16.7B,0.6666666666666666
codellama7B,0.19444444444444445
qwen-2.5-7b,0.7222222222222222
phi4,0.5833333333333334
qwen2.5BASE,0.7222222222222222
